file,size_bytes,sha256
.gitignore,953,7720dd676f89934cb8e24f90111712d51ea05ed2e3a7f8f7ef604096e487733e
FINAL_RELEASE_AUDIT_v31_3.json,604,ea7e08f0dbe6bbe6f9c88d0d52960580ce955a820cd26235626a5f63bd2ec3a3
FINAL_RELEASE_MANIFEST_v31_3.csv,3945,e19ff0c5deb281fbaf14d1a4e59c9caaae165cfc0809d6da99e526a0c9fad801
LICENSE,1054,02d50f00537d99594cb5cd89770e8c264f3c550446bcc2b513437c0130869320
PROGRESS.md,3093,3b2a0ba999c7e96f8bd28fad195463372de9ba0eab2127dd69d5361302e32695
PUBLIC_RELEASE_SCOPE_v31.md,1430,14777634c6bfafa6f39a44f2bbac31309275a85801d5970e485492bfc165ce84
README.md,8489,470a8eff1cc7a52488b0476bbfb49426bf74ce0e147ea168d5e457e0d2f2444a
RELEASE_MANIFEST_v31_1.csv,5527,7c7d5212aa3ef4e845151c8fa3c1ca1de9872c1af002628470a55939204f0038
data/processed/production_pipeline_v16/V16_DEMO_001.fasta,114,5221200a1dcb36e560dbcf41e3fe4f290ac7ed102b43780e2c3262ecfc9a7c9d
data/processed/production_pipeline_v16/V16_DEMO_001_blast.tsv,0,e3b0c44298fc1c149afbf4c8996fb92427ae41e4649b934ca495991b7852b855
data/processed/production_pipeline_v16/production_configuration_v16.csv,493,9fc0c3e419f528400b3e40f10f8cd5d3d33de8279f82a8931bd44375ddfc373b
data/processed/production_pipeline_v16/production_pipeline_v16_smoke_test.csv,529,655ddb48915f8f42076874c437c69a6de091cae002b57c7b54d28f1156063646
data/processed/real_contamination_v28_final_statistical_consolidation/FINAL_CLAIM_AUDIT_v28.csv,1165,dead2b3e1aeae022df5ab06e69d969994215d7c2542f4631cb317e186f0290d5
data/processed/real_contamination_v28_final_statistical_consolidation/FINAL_STATISTICAL_REPORT_v28.txt,2997,81057b3fb8c99e39cce84f2de1f9a678d6ac200ac3897cb08cbd772128166cf7
data/processed/real_contamination_v28_final_statistical_consolidation/MANUSCRIPT_READY_STATISTICS_TABLE_v28.csv,368,c9115a8694e3fe70f7612a0296d8bbd8580c40b25e2d12de4d4284f0005a25bd
data/processed/real_contamination_v28_final_statistical_consolidation/MASTER_STATISTICAL_EVIDENCE_MATRIX_v28.csv,1349,c2d176f3b0a65cf1e005e6f15d431368b3898aa665872ad77215d4af3f642b93
data/reference/genbank/AY196315.gb,6347,13f8dc2c8d6123a57f6150539c8ed065d51e8b20c854bb6487f94e206d016c9b
data/reference/genbank/AY272043.gb,4166,129bd35a55b2c985355e891db02332f141c5ccdf4b66742a152563e4176a999b
data/reference/genbank/AY534879.gb,5610,4e11afaadc8a097f112c48fcc1a6094dc7bb42277f624a7e099922a1834d1754
data/reference/genbank/AY583209.gb,5434,7375687313a9fa350c74ce3d9efd4a08a8f8dfda6be6a1f26ac83c2f51f99a65
data/reference/genbank/DQ054596.gb,2216,60e29573d6ca2075a930eb8c17f65a7bd470f65176e8930d34e863bcde704c26
data/reference/ota_marker_metadata.csv,752,812ea7404193575f73f9cc0f365a04c36236df5c926c61b282c4d108d6400a67
data/reference/ota_reference_audit.csv,497,34a349bb22cc38ee7bc9a79a8b2a6d8c8e3b5e79858352b8ba13a7ae78482e77
data/reference/ota_reference_markers.fasta,8804,7d5e6a40d5ecb2941b355ea35003660d9791a4999d25b3da5d02d9155af56b10
data/sample/sample_env.csv,202,50d77c9c3ed4c1598bc82ca763aa28b3d8f133fb4c74924bc7faeba85defb3e9
data/sample/sample_sequences.fasta,585,9a17eddf515a247b58032507bc0a885bb53928352738504a052c1ec36a1f1354
requirements.txt,267,58fba67eef1f27dbeb891d1d18db7fdc2b728a58ab1a7f3dd5f61a179116d10a
src/__init__.py,0,e3b0c44298fc1c149afbf4c8996fb92427ae41e4649b934ca495991b7852b855
src/config.py,1374,ae46c5ab1690d1370e4266db121c903f7d1724ab3c413c2550b465ec5bd3c606
src/data_loader.py,2536,6e61bf70bda64d63b6141e46f086f355732a1a5d87c66b10cf416d56b346907b
src/feature_extraction.py,4194,8e020f09be47174114be88e1a10e63b743870491f528467ef6b74589a9bf3478
src/main.py,1432,06c3fa18828d858986a99d7d985cfc6b7ab73c88d615ac9f39bb75f350d70c3a
src/pipeline.py,1554,30831955ac738dcdd762de6d3ef01886b8f31c195511262f3950e40f823e46c4
src/risk_model.py,3269,e8fbd417e757235cd9cfe9b1e34875ea6f7597aaa8d4c7744c1b17dcfb8a3db3
tests/test_pipeline.py,1788,cea6236e2452bbc63c638902c5836695093f413faa7dc3d6d3e83418e085ed30
tools/blast/build_ota_reference_db.sh,393,62f7f100dca5465cfdb0b00f8604f33de648ca822e8bf1c09ff07ee58f5c1b82
tools/blast/ota_blast_id_mapping.csv,813,6fe1bf39f7ce5b1115e515117ca0a84de4e966d257f0694765a489e62a211ff7
tools/blast/ota_markers_blast.fasta,8500,223264d4cb516377ba6cdc8ca73b64d177205845a9e9417e1b297c8fdd098c61
