file,size_bytes,size_mb,sha256
tests/__pycache__/test_pipeline.cpython-313-pytest-8.4.2.pyc,9373,0.008938789367675781,fd4b115a04f810587a799566d126cd38206b6f21749be3b11caf2db6858f2413
data/reference/ota_reference_markers.fasta,8804,0.008396148681640625,7d5e6a40d5ecb2941b355ea35003660d9791a4999d25b3da5d02d9155af56b10
tools/blast/ota_markers_blast.fasta,8500,0.008106231689453125,223264d4cb516377ba6cdc8ca73b64d177205845a9e9417e1b297c8fdd098c61
README.md,8489,0.008095741271972656,470a8eff1cc7a52488b0476bbfb49426bf74ce0e147ea168d5e457e0d2f2444a
data/reference/genbank/AY196315.gb,6347,0.006052970886230469,13f8dc2c8d6123a57f6150539c8ed065d51e8b20c854bb6487f94e206d016c9b
data/reference/genbank/AY534879.gb,5610,0.0053501129150390625,4e11afaadc8a097f112c48fcc1a6094dc7bb42277f624a7e099922a1834d1754
src/__pycache__/feature_extraction.cpython-313.pyc,5505,0.005249977111816406,c69a40930cc4e0a9fe6ebd4e8bd79ceeaaf4e084c3114dbcaf7f2c60073ac517
data/reference/genbank/AY583209.gb,5434,0.0051822662353515625,7375687313a9fa350c74ce3d9efd4a08a8f8dfda6be6a1f26ac83c2f51f99a65
src/feature_extraction.py,4194,0.0039997100830078125,8e020f09be47174114be88e1a10e63b743870491f528467ef6b74589a9bf3478
data/reference/genbank/AY272043.gb,4166,0.0039730072021484375,129bd35a55b2c985355e891db02332f141c5ccdf4b66742a152563e4176a999b
src/__pycache__/risk_model.cpython-313.pyc,3897,0.0037164688110351562,40d636719ed9536f23f77ce60f35de23088577846f7d28589fefb565581733ea
src/risk_model.py,3269,0.0031175613403320312,e8fbd417e757235cd9cfe9b1e34875ea6f7597aaa8d4c7744c1b17dcfb8a3db3
src/__pycache__/data_loader.cpython-313.pyc,3207,0.0030584335327148438,56eb08b8bce4668f4d17b56cc1b27bbc586b4593151204a3be550a3492a4319f
PROGRESS.md,3093,0.0029497146606445312,3b2a0ba999c7e96f8bd28fad195463372de9ba0eab2127dd69d5361302e32695
data/processed/real_contamination_v28_final_statistical_consolidation/FINAL_STATISTICAL_REPORT_v28.txt,2997,0.0028581619262695312,81057b3fb8c99e39cce84f2de1f9a678d6ac200ac3897cb08cbd772128166cf7
src/data_loader.py,2536,0.00241851806640625,6e61bf70bda64d63b6141e46f086f355732a1a5d87c66b10cf416d56b346907b
data/reference/genbank/DQ054596.gb,2216,0.00211334228515625,60e29573d6ca2075a930eb8c17f65a7bd470f65176e8930d34e863bcde704c26
tests/test_pipeline.py,1788,0.001705169677734375,cea6236e2452bbc63c638902c5836695093f413faa7dc3d6d3e83418e085ed30
src/__pycache__/pipeline.cpython-313.pyc,1753,0.0016717910766601562,4ce8a49faf9575e1850e4b0c8e8b22b3e3bb0bc305d0048f26b434d37b4ee5c8
src/pipeline.py,1554,0.0014820098876953125,30831955ac738dcdd762de6d3ef01886b8f31c195511262f3950e40f823e46c4
src/main.py,1432,0.00136566162109375,06c3fa18828d858986a99d7d985cfc6b7ab73c88d615ac9f39bb75f350d70c3a
PUBLIC_RELEASE_SCOPE_v31.md,1430,0.0013637542724609375,14777634c6bfafa6f39a44f2bbac31309275a85801d5970e485492bfc165ce84
src/config.py,1374,0.0013103485107421875,ae46c5ab1690d1370e4266db121c903f7d1724ab3c413c2550b465ec5bd3c606
data/processed/real_contamination_v28_final_statistical_consolidation/MASTER_STATISTICAL_EVIDENCE_MATRIX_v28.csv,1349,0.0012865066528320312,c2d176f3b0a65cf1e005e6f15d431368b3898aa665872ad77215d4af3f642b93
data/processed/real_contamination_v28_final_statistical_consolidation/FINAL_CLAIM_AUDIT_v28.csv,1165,0.0011110305786132812,dead2b3e1aeae022df5ab06e69d969994215d7c2542f4631cb317e186f0290d5
LICENSE,1054,0.0010051727294921875,02d50f00537d99594cb5cd89770e8c264f3c550446bcc2b513437c0130869320
.gitignore,940,0.000896453857421875,bd61a1594a8005e93af583d789bb6d30ac39d6ad13bc99a9ad3c8a92d75656fd
src/__pycache__/config.cpython-313.pyc,872,0.00083160400390625,bd389bf5b5280ce8aba64d3cf82ad4ed3e3e453875bdd7578a3c09dd8449c147
tools/blast/ota_blast_id_mapping.csv,813,0.0007753372192382812,6fe1bf39f7ce5b1115e515117ca0a84de4e966d257f0694765a489e62a211ff7
data/reference/ota_marker_metadata.csv,752,0.0007171630859375,812ea7404193575f73f9cc0f365a04c36236df5c926c61b282c4d108d6400a67
data/sample/sample_sequences.fasta,585,0.0005578994750976562,9a17eddf515a247b58032507bc0a885bb53928352738504a052c1ec36a1f1354
data/processed/production_pipeline_v16/production_pipeline_v16_smoke_test.csv,529,0.0005044937133789062,655ddb48915f8f42076874c437c69a6de091cae002b57c7b54d28f1156063646
data/reference/ota_reference_audit.csv,497,0.00047397613525390625,34a349bb22cc38ee7bc9a79a8b2a6d8c8e3b5e79858352b8ba13a7ae78482e77
data/processed/production_pipeline_v16/production_configuration_v16.csv,493,0.00047016143798828125,9fc0c3e419f528400b3e40f10f8cd5d3d33de8279f82a8931bd44375ddfc373b
tools/blast/build_ota_reference_db.sh,393,0.00037479400634765625,62f7f100dca5465cfdb0b00f8604f33de648ca822e8bf1c09ff07ee58f5c1b82
data/processed/real_contamination_v28_final_statistical_consolidation/MANUSCRIPT_READY_STATISTICS_TABLE_v28.csv,368,0.0003509521484375,c9115a8694e3fe70f7612a0296d8bbd8580c40b25e2d12de4d4284f0005a25bd
requirements.txt,256,0.000244140625,05cb79e0974f65977c8247ba698d1ad401f6d79ccee82e4049f30aac99dff783
data/sample/sample_env.csv,202,0.0001926422119140625,50d77c9c3ed4c1598bc82ca763aa28b3d8f133fb4c74924bc7faeba85defb3e9
src/__pycache__/__init__.cpython-313.pyc,143,0.00013637542724609375,1f48b64da0854da3b147a0243dcd2e2b5ff00e05dc1465732f4b2e694028bf15
data/processed/production_pipeline_v16/V16_DEMO_001.fasta,114,0.0001087188720703125,5221200a1dcb36e560dbcf41e3fe4f290ac7ed102b43780e2c3262ecfc9a7c9d
src/__init__.py,0,0.0,e3b0c44298fc1c149afbf4c8996fb92427ae41e4649b934ca495991b7852b855
data/processed/production_pipeline_v16/V16_DEMO_001_blast.tsv,0,0.0,e3b0c44298fc1c149afbf4c8996fb92427ae41e4649b934ca495991b7852b855
