sample_id,source_country,sample_type,sampling_year,sample_number_within_year,ota_concentration_ng_g,ota_concentration_ug_kg,measurement_status,raw_ota_value,lod_ng_g,loq_ng_g,lod_ug_kg,loq_ug_kg,measurement_method,source_title,source_doi,source_url,source_table,ota_detected,contamination_label,ota_value_for_published_mean_ng_g,ota_value_for_published_mean_ug_kg
TR_COFFEE_2021_01,Türkiye,commercial_roasted_ground_coffee,2021,1,2.25,2.25,DETECTED,2.25,0.23,0.7,0.23,0.7,HPLC fluorescence detection,Investigation of Ochratoxin A Levels in Commercially Available Turkish Coffee and Risk Assessment,10.3390/toxins18020084,https://pmc.ncbi.nlm.nih.gov/articles/PMC12944870/,Table 1 — Amounts of OTA in Turkish coffee samples,True,OTA_DETECTED,2.25,2.25
TR_COFFEE_2021_02,Türkiye,commercial_roasted_ground_coffee,2021,2,4.57,4.57,DETECTED,4.57,0.23,0.7,0.23,0.7,HPLC fluorescence detection,Investigation of Ochratoxin A Levels in Commercially Available Turkish Coffee and Risk Assessment,10.3390/toxins18020084,https://pmc.ncbi.nlm.nih.gov/articles/PMC12944870/,Table 1 — Amounts of OTA in Turkish coffee samples,True,OTA_DETECTED,4.57,4.57
TR_COFFEE_2021_03,Türkiye,commercial_roasted_ground_coffee,2021,3,,,BELOW_LOD,<LOD,0.23,0.7,0.23,0.7,HPLC fluorescence detection,Investigation of Ochratoxin A Levels in Commercially Available Turkish Coffee and Risk Assessment,10.3390/toxins18020084,https://pmc.ncbi.nlm.nih.gov/articles/PMC12944870/,Table 1 — Amounts of OTA in Turkish coffee samples,False,OTA_BELOW_LOD,0.23,0.23
TR_COFFEE_2021_04,Türkiye,commercial_roasted_ground_coffee,2021,4,2.9,2.9,DETECTED,2.9,0.23,0.7,0.23,0.7,HPLC fluorescence detection,Investigation of Ochratoxin A Levels in Commercially Available Turkish Coffee and Risk Assessment,10.3390/toxins18020084,https://pmc.ncbi.nlm.nih.gov/articles/PMC12944870/,Table 1 — Amounts of OTA in Turkish coffee samples,True,OTA_DETECTED,2.9,2.9
TR_COFFEE_2021_05,Türkiye,commercial_roasted_ground_coffee,2021,5,0.6,0.6,DETECTED,0.6,0.23,0.7,0.23,0.7,HPLC fluorescence detection,Investigation of Ochratoxin A Levels in Commercially Available Turkish Coffee and Risk Assessment,10.3390/toxins18020084,https://pmc.ncbi.nlm.nih.gov/articles/PMC12944870/,Table 1 — Amounts of OTA in Turkish coffee samples,True,OTA_DETECTED,0.6,0.6
TR_COFFEE_2021_06,Türkiye,commercial_roasted_ground_coffee,2021,6,1.0,1.0,DETECTED,1,0.23,0.7,0.23,0.7,HPLC fluorescence detection,Investigation of Ochratoxin A Levels in Commercially Available Turkish Coffee and Risk Assessment,10.3390/toxins18020084,https://pmc.ncbi.nlm.nih.gov/articles/PMC12944870/,Table 1 — Amounts of OTA in Turkish coffee samples,True,OTA_DETECTED,1.0,1.0
TR_COFFEE_2021_07,Türkiye,commercial_roasted_ground_coffee,2021,7,0.52,0.52,DETECTED,0.52,0.23,0.7,0.23,0.7,HPLC fluorescence detection,Investigation of Ochratoxin A Levels in Commercially Available Turkish Coffee and Risk Assessment,10.3390/toxins18020084,https://pmc.ncbi.nlm.nih.gov/articles/PMC12944870/,Table 1 — Amounts of OTA in Turkish coffee samples,True,OTA_DETECTED,0.52,0.52
TR_COFFEE_2021_08,Türkiye,commercial_roasted_ground_coffee,2021,8,0.6,0.6,DETECTED,0.6,0.23,0.7,0.23,0.7,HPLC fluorescence detection,Investigation of Ochratoxin A Levels in Commercially Available Turkish Coffee and Risk Assessment,10.3390/toxins18020084,https://pmc.ncbi.nlm.nih.gov/articles/PMC12944870/,Table 1 — Amounts of OTA in Turkish coffee samples,True,OTA_DETECTED,0.6,0.6
TR_COFFEE_2021_09,Türkiye,commercial_roasted_ground_coffee,2021,9,0.75,0.75,DETECTED,0.75,0.23,0.7,0.23,0.7,HPLC fluorescence detection,Investigation of Ochratoxin A Levels in Commercially Available Turkish Coffee and Risk Assessment,10.3390/toxins18020084,https://pmc.ncbi.nlm.nih.gov/articles/PMC12944870/,Table 1 — Amounts of OTA in Turkish coffee samples,True,OTA_DETECTED,0.75,0.75
TR_COFFEE_2021_10,Türkiye,commercial_roasted_ground_coffee,2021,10,0.93,0.93,DETECTED,0.93,0.23,0.7,0.23,0.7,HPLC fluorescence detection,Investigation of Ochratoxin A Levels in Commercially Available Turkish Coffee and Risk Assessment,10.3390/toxins18020084,https://pmc.ncbi.nlm.nih.gov/articles/PMC12944870/,Table 1 — Amounts of OTA in Turkish coffee samples,True,OTA_DETECTED,0.93,0.93
TR_COFFEE_2021_11,Türkiye,commercial_roasted_ground_coffee,2021,11,0.88,0.88,DETECTED,0.88,0.23,0.7,0.23,0.7,HPLC fluorescence detection,Investigation of Ochratoxin A Levels in Commercially Available Turkish Coffee and Risk Assessment,10.3390/toxins18020084,https://pmc.ncbi.nlm.nih.gov/articles/PMC12944870/,Table 1 — Amounts of OTA in Turkish coffee samples,True,OTA_DETECTED,0.88,0.88
TR_COFFEE_2021_12,Türkiye,commercial_roasted_ground_coffee,2021,12,,,BELOW_LOD,<LOD,0.23,0.7,0.23,0.7,HPLC fluorescence detection,Investigation of Ochratoxin A Levels in Commercially Available Turkish Coffee and Risk Assessment,10.3390/toxins18020084,https://pmc.ncbi.nlm.nih.gov/articles/PMC12944870/,Table 1 — Amounts of OTA in Turkish coffee samples,False,OTA_BELOW_LOD,0.23,0.23
TR_COFFEE_2021_13,Türkiye,commercial_roasted_ground_coffee,2021,13,0.77,0.77,DETECTED,0.77,0.23,0.7,0.23,0.7,HPLC fluorescence detection,Investigation of Ochratoxin A Levels in Commercially Available Turkish Coffee and Risk Assessment,10.3390/toxins18020084,https://pmc.ncbi.nlm.nih.gov/articles/PMC12944870/,Table 1 — Amounts of OTA in Turkish coffee samples,True,OTA_DETECTED,0.77,0.77
TR_COFFEE_2021_14,Türkiye,commercial_roasted_ground_coffee,2021,14,,,BELOW_LOD,<LOD,0.23,0.7,0.23,0.7,HPLC fluorescence detection,Investigation of Ochratoxin A Levels in Commercially Available Turkish Coffee and Risk Assessment,10.3390/toxins18020084,https://pmc.ncbi.nlm.nih.gov/articles/PMC12944870/,Table 1 — Amounts of OTA in Turkish coffee samples,False,OTA_BELOW_LOD,0.23,0.23
TR_COFFEE_2021_15,Türkiye,commercial_roasted_ground_coffee,2021,15,,,BELOW_LOD,<LOD,0.23,0.7,0.23,0.7,HPLC fluorescence detection,Investigation of Ochratoxin A Levels in Commercially Available Turkish Coffee and Risk Assessment,10.3390/toxins18020084,https://pmc.ncbi.nlm.nih.gov/articles/PMC12944870/,Table 1 — Amounts of OTA in Turkish coffee samples,False,OTA_BELOW_LOD,0.23,0.23
TR_COFFEE_2021_16,Türkiye,commercial_roasted_ground_coffee,2021,16,0.89,0.89,DETECTED,0.89,0.23,0.7,0.23,0.7,HPLC fluorescence detection,Investigation of Ochratoxin A Levels in Commercially Available Turkish Coffee and Risk Assessment,10.3390/toxins18020084,https://pmc.ncbi.nlm.nih.gov/articles/PMC12944870/,Table 1 — Amounts of OTA in Turkish coffee samples,True,OTA_DETECTED,0.89,0.89
TR_COFFEE_2021_17,Türkiye,commercial_roasted_ground_coffee,2021,17,0.58,0.58,DETECTED,0.58,0.23,0.7,0.23,0.7,HPLC fluorescence detection,Investigation of Ochratoxin A Levels in Commercially Available Turkish Coffee and Risk Assessment,10.3390/toxins18020084,https://pmc.ncbi.nlm.nih.gov/articles/PMC12944870/,Table 1 — Amounts of OTA in Turkish coffee samples,True,OTA_DETECTED,0.58,0.58
TR_COFFEE_2021_18,Türkiye,commercial_roasted_ground_coffee,2021,18,1.03,1.03,DETECTED,1.03,0.23,0.7,0.23,0.7,HPLC fluorescence detection,Investigation of Ochratoxin A Levels in Commercially Available Turkish Coffee and Risk Assessment,10.3390/toxins18020084,https://pmc.ncbi.nlm.nih.gov/articles/PMC12944870/,Table 1 — Amounts of OTA in Turkish coffee samples,True,OTA_DETECTED,1.03,1.03
TR_COFFEE_2022_01,Türkiye,commercial_roasted_ground_coffee,2022,1,0.53,0.53,DETECTED,0.53,0.23,0.7,0.23,0.7,HPLC fluorescence detection,Investigation of Ochratoxin A Levels in Commercially Available Turkish Coffee and Risk Assessment,10.3390/toxins18020084,https://pmc.ncbi.nlm.nih.gov/articles/PMC12944870/,Table 1 — Amounts of OTA in Turkish coffee samples,True,OTA_DETECTED,0.53,0.53
TR_COFFEE_2022_02,Türkiye,commercial_roasted_ground_coffee,2022,2,,,BELOW_LOD,<LOD,0.23,0.7,0.23,0.7,HPLC fluorescence detection,Investigation of Ochratoxin A Levels in Commercially Available Turkish Coffee and Risk Assessment,10.3390/toxins18020084,https://pmc.ncbi.nlm.nih.gov/articles/PMC12944870/,Table 1 — Amounts of OTA in Turkish coffee samples,False,OTA_BELOW_LOD,0.23,0.23
TR_COFFEE_2022_03,Türkiye,commercial_roasted_ground_coffee,2022,3,1.02,1.02,DETECTED,1.02,0.23,0.7,0.23,0.7,HPLC fluorescence detection,Investigation of Ochratoxin A Levels in Commercially Available Turkish Coffee and Risk Assessment,10.3390/toxins18020084,https://pmc.ncbi.nlm.nih.gov/articles/PMC12944870/,Table 1 — Amounts of OTA in Turkish coffee samples,True,OTA_DETECTED,1.02,1.02
TR_COFFEE_2022_04,Türkiye,commercial_roasted_ground_coffee,2022,4,,,BELOW_LOD,<LOD,0.23,0.7,0.23,0.7,HPLC fluorescence detection,Investigation of Ochratoxin A Levels in Commercially Available Turkish Coffee and Risk Assessment,10.3390/toxins18020084,https://pmc.ncbi.nlm.nih.gov/articles/PMC12944870/,Table 1 — Amounts of OTA in Turkish coffee samples,False,OTA_BELOW_LOD,0.23,0.23
TR_COFFEE_2022_05,Türkiye,commercial_roasted_ground_coffee,2022,5,0.35,0.35,DETECTED,0.35,0.23,0.7,0.23,0.7,HPLC fluorescence detection,Investigation of Ochratoxin A Levels in Commercially Available Turkish Coffee and Risk Assessment,10.3390/toxins18020084,https://pmc.ncbi.nlm.nih.gov/articles/PMC12944870/,Table 1 — Amounts of OTA in Turkish coffee samples,True,OTA_DETECTED,0.35,0.35
TR_COFFEE_2022_06,Türkiye,commercial_roasted_ground_coffee,2022,6,1.52,1.52,DETECTED,1.52,0.23,0.7,0.23,0.7,HPLC fluorescence detection,Investigation of Ochratoxin A Levels in Commercially Available Turkish Coffee and Risk Assessment,10.3390/toxins18020084,https://pmc.ncbi.nlm.nih.gov/articles/PMC12944870/,Table 1 — Amounts of OTA in Turkish coffee samples,True,OTA_DETECTED,1.52,1.52
TR_COFFEE_2022_07,Türkiye,commercial_roasted_ground_coffee,2022,7,0.73,0.73,DETECTED,0.73,0.23,0.7,0.23,0.7,HPLC fluorescence detection,Investigation of Ochratoxin A Levels in Commercially Available Turkish Coffee and Risk Assessment,10.3390/toxins18020084,https://pmc.ncbi.nlm.nih.gov/articles/PMC12944870/,Table 1 — Amounts of OTA in Turkish coffee samples,True,OTA_DETECTED,0.73,0.73
TR_COFFEE_2022_08,Türkiye,commercial_roasted_ground_coffee,2022,8,1.24,1.24,DETECTED,1.24,0.23,0.7,0.23,0.7,HPLC fluorescence detection,Investigation of Ochratoxin A Levels in Commercially Available Turkish Coffee and Risk Assessment,10.3390/toxins18020084,https://pmc.ncbi.nlm.nih.gov/articles/PMC12944870/,Table 1 — Amounts of OTA in Turkish coffee samples,True,OTA_DETECTED,1.24,1.24
TR_COFFEE_2022_09,Türkiye,commercial_roasted_ground_coffee,2022,9,1.73,1.73,DETECTED,1.73,0.23,0.7,0.23,0.7,HPLC fluorescence detection,Investigation of Ochratoxin A Levels in Commercially Available Turkish Coffee and Risk Assessment,10.3390/toxins18020084,https://pmc.ncbi.nlm.nih.gov/articles/PMC12944870/,Table 1 — Amounts of OTA in Turkish coffee samples,True,OTA_DETECTED,1.73,1.73
TR_COFFEE_2022_10,Türkiye,commercial_roasted_ground_coffee,2022,10,0.75,0.75,DETECTED,0.75,0.23,0.7,0.23,0.7,HPLC fluorescence detection,Investigation of Ochratoxin A Levels in Commercially Available Turkish Coffee and Risk Assessment,10.3390/toxins18020084,https://pmc.ncbi.nlm.nih.gov/articles/PMC12944870/,Table 1 — Amounts of OTA in Turkish coffee samples,True,OTA_DETECTED,0.75,0.75
TR_COFFEE_2022_11,Türkiye,commercial_roasted_ground_coffee,2022,11,19.11,19.11,DETECTED,19.11,0.23,0.7,0.23,0.7,HPLC fluorescence detection,Investigation of Ochratoxin A Levels in Commercially Available Turkish Coffee and Risk Assessment,10.3390/toxins18020084,https://pmc.ncbi.nlm.nih.gov/articles/PMC12944870/,Table 1 — Amounts of OTA in Turkish coffee samples,True,OTA_DETECTED,19.11,19.11
TR_COFFEE_2022_12,Türkiye,commercial_roasted_ground_coffee,2022,12,1.6,1.6,DETECTED,1.6,0.23,0.7,0.23,0.7,HPLC fluorescence detection,Investigation of Ochratoxin A Levels in Commercially Available Turkish Coffee and Risk Assessment,10.3390/toxins18020084,https://pmc.ncbi.nlm.nih.gov/articles/PMC12944870/,Table 1 — Amounts of OTA in Turkish coffee samples,True,OTA_DETECTED,1.6,1.6
TR_COFFEE_2022_13,Türkiye,commercial_roasted_ground_coffee,2022,13,1.25,1.25,DETECTED,1.25,0.23,0.7,0.23,0.7,HPLC fluorescence detection,Investigation of Ochratoxin A Levels in Commercially Available Turkish Coffee and Risk Assessment,10.3390/toxins18020084,https://pmc.ncbi.nlm.nih.gov/articles/PMC12944870/,Table 1 — Amounts of OTA in Turkish coffee samples,True,OTA_DETECTED,1.25,1.25
TR_COFFEE_2022_14,Türkiye,commercial_roasted_ground_coffee,2022,14,0.56,0.56,DETECTED,0.56,0.23,0.7,0.23,0.7,HPLC fluorescence detection,Investigation of Ochratoxin A Levels in Commercially Available Turkish Coffee and Risk Assessment,10.3390/toxins18020084,https://pmc.ncbi.nlm.nih.gov/articles/PMC12944870/,Table 1 — Amounts of OTA in Turkish coffee samples,True,OTA_DETECTED,0.56,0.56
TR_COFFEE_2022_15,Türkiye,commercial_roasted_ground_coffee,2022,15,3.91,3.91,DETECTED,3.91,0.23,0.7,0.23,0.7,HPLC fluorescence detection,Investigation of Ochratoxin A Levels in Commercially Available Turkish Coffee and Risk Assessment,10.3390/toxins18020084,https://pmc.ncbi.nlm.nih.gov/articles/PMC12944870/,Table 1 — Amounts of OTA in Turkish coffee samples,True,OTA_DETECTED,3.91,3.91
TR_COFFEE_2022_16,Türkiye,commercial_roasted_ground_coffee,2022,16,0.46,0.46,DETECTED,0.46,0.23,0.7,0.23,0.7,HPLC fluorescence detection,Investigation of Ochratoxin A Levels in Commercially Available Turkish Coffee and Risk Assessment,10.3390/toxins18020084,https://pmc.ncbi.nlm.nih.gov/articles/PMC12944870/,Table 1 — Amounts of OTA in Turkish coffee samples,True,OTA_DETECTED,0.46,0.46
TR_COFFEE_2022_17,Türkiye,commercial_roasted_ground_coffee,2022,17,0.26,0.26,DETECTED,0.26,0.23,0.7,0.23,0.7,HPLC fluorescence detection,Investigation of Ochratoxin A Levels in Commercially Available Turkish Coffee and Risk Assessment,10.3390/toxins18020084,https://pmc.ncbi.nlm.nih.gov/articles/PMC12944870/,Table 1 — Amounts of OTA in Turkish coffee samples,True,OTA_DETECTED,0.26,0.26
TR_COFFEE_2022_18,Türkiye,commercial_roasted_ground_coffee,2022,18,0.54,0.54,DETECTED,0.54,0.23,0.7,0.23,0.7,HPLC fluorescence detection,Investigation of Ochratoxin A Levels in Commercially Available Turkish Coffee and Risk Assessment,10.3390/toxins18020084,https://pmc.ncbi.nlm.nih.gov/articles/PMC12944870/,Table 1 — Amounts of OTA in Turkish coffee samples,True,OTA_DETECTED,0.54,0.54
TR_COFFEE_2023_01,Türkiye,commercial_roasted_ground_coffee,2023,1,2.27,2.27,DETECTED,2.27,0.23,0.7,0.23,0.7,HPLC fluorescence detection,Investigation of Ochratoxin A Levels in Commercially Available Turkish Coffee and Risk Assessment,10.3390/toxins18020084,https://pmc.ncbi.nlm.nih.gov/articles/PMC12944870/,Table 1 — Amounts of OTA in Turkish coffee samples,True,OTA_DETECTED,2.27,2.27
TR_COFFEE_2023_02,Türkiye,commercial_roasted_ground_coffee,2023,2,,,BELOW_LOD,<LOD,0.23,0.7,0.23,0.7,HPLC fluorescence detection,Investigation of Ochratoxin A Levels in Commercially Available Turkish Coffee and Risk Assessment,10.3390/toxins18020084,https://pmc.ncbi.nlm.nih.gov/articles/PMC12944870/,Table 1 — Amounts of OTA in Turkish coffee samples,False,OTA_BELOW_LOD,0.23,0.23
TR_COFFEE_2023_03,Türkiye,commercial_roasted_ground_coffee,2023,3,,,BELOW_LOD,<LOD,0.23,0.7,0.23,0.7,HPLC fluorescence detection,Investigation of Ochratoxin A Levels in Commercially Available Turkish Coffee and Risk Assessment,10.3390/toxins18020084,https://pmc.ncbi.nlm.nih.gov/articles/PMC12944870/,Table 1 — Amounts of OTA in Turkish coffee samples,False,OTA_BELOW_LOD,0.23,0.23
TR_COFFEE_2023_04,Türkiye,commercial_roasted_ground_coffee,2023,4,1.38,1.38,DETECTED,1.38,0.23,0.7,0.23,0.7,HPLC fluorescence detection,Investigation of Ochratoxin A Levels in Commercially Available Turkish Coffee and Risk Assessment,10.3390/toxins18020084,https://pmc.ncbi.nlm.nih.gov/articles/PMC12944870/,Table 1 — Amounts of OTA in Turkish coffee samples,True,OTA_DETECTED,1.38,1.38
TR_COFFEE_2023_05,Türkiye,commercial_roasted_ground_coffee,2023,5,2.22,2.22,DETECTED,2.22,0.23,0.7,0.23,0.7,HPLC fluorescence detection,Investigation of Ochratoxin A Levels in Commercially Available Turkish Coffee and Risk Assessment,10.3390/toxins18020084,https://pmc.ncbi.nlm.nih.gov/articles/PMC12944870/,Table 1 — Amounts of OTA in Turkish coffee samples,True,OTA_DETECTED,2.22,2.22
TR_COFFEE_2023_06,Türkiye,commercial_roasted_ground_coffee,2023,6,0.88,0.88,DETECTED,0.88,0.23,0.7,0.23,0.7,HPLC fluorescence detection,Investigation of Ochratoxin A Levels in Commercially Available Turkish Coffee and Risk Assessment,10.3390/toxins18020084,https://pmc.ncbi.nlm.nih.gov/articles/PMC12944870/,Table 1 — Amounts of OTA in Turkish coffee samples,True,OTA_DETECTED,0.88,0.88
TR_COFFEE_2023_07,Türkiye,commercial_roasted_ground_coffee,2023,7,2.51,2.51,DETECTED,2.51,0.23,0.7,0.23,0.7,HPLC fluorescence detection,Investigation of Ochratoxin A Levels in Commercially Available Turkish Coffee and Risk Assessment,10.3390/toxins18020084,https://pmc.ncbi.nlm.nih.gov/articles/PMC12944870/,Table 1 — Amounts of OTA in Turkish coffee samples,True,OTA_DETECTED,2.51,2.51
TR_COFFEE_2023_08,Türkiye,commercial_roasted_ground_coffee,2023,8,,,BELOW_LOD,<LOD,0.23,0.7,0.23,0.7,HPLC fluorescence detection,Investigation of Ochratoxin A Levels in Commercially Available Turkish Coffee and Risk Assessment,10.3390/toxins18020084,https://pmc.ncbi.nlm.nih.gov/articles/PMC12944870/,Table 1 — Amounts of OTA in Turkish coffee samples,False,OTA_BELOW_LOD,0.23,0.23
TR_COFFEE_2023_09,Türkiye,commercial_roasted_ground_coffee,2023,9,1.12,1.12,DETECTED,1.12,0.23,0.7,0.23,0.7,HPLC fluorescence detection,Investigation of Ochratoxin A Levels in Commercially Available Turkish Coffee and Risk Assessment,10.3390/toxins18020084,https://pmc.ncbi.nlm.nih.gov/articles/PMC12944870/,Table 1 — Amounts of OTA in Turkish coffee samples,True,OTA_DETECTED,1.12,1.12
TR_COFFEE_2023_10,Türkiye,commercial_roasted_ground_coffee,2023,10,1.98,1.98,DETECTED,1.98,0.23,0.7,0.23,0.7,HPLC fluorescence detection,Investigation of Ochratoxin A Levels in Commercially Available Turkish Coffee and Risk Assessment,10.3390/toxins18020084,https://pmc.ncbi.nlm.nih.gov/articles/PMC12944870/,Table 1 — Amounts of OTA in Turkish coffee samples,True,OTA_DETECTED,1.98,1.98
TR_COFFEE_2023_11,Türkiye,commercial_roasted_ground_coffee,2023,11,1.45,1.45,DETECTED,1.45,0.23,0.7,0.23,0.7,HPLC fluorescence detection,Investigation of Ochratoxin A Levels in Commercially Available Turkish Coffee and Risk Assessment,10.3390/toxins18020084,https://pmc.ncbi.nlm.nih.gov/articles/PMC12944870/,Table 1 — Amounts of OTA in Turkish coffee samples,True,OTA_DETECTED,1.45,1.45
TR_COFFEE_2023_12,Türkiye,commercial_roasted_ground_coffee,2023,12,1.22,1.22,DETECTED,1.22,0.23,0.7,0.23,0.7,HPLC fluorescence detection,Investigation of Ochratoxin A Levels in Commercially Available Turkish Coffee and Risk Assessment,10.3390/toxins18020084,https://pmc.ncbi.nlm.nih.gov/articles/PMC12944870/,Table 1 — Amounts of OTA in Turkish coffee samples,True,OTA_DETECTED,1.22,1.22
TR_COFFEE_2023_13,Türkiye,commercial_roasted_ground_coffee,2023,13,1.1,1.1,DETECTED,1.1,0.23,0.7,0.23,0.7,HPLC fluorescence detection,Investigation of Ochratoxin A Levels in Commercially Available Turkish Coffee and Risk Assessment,10.3390/toxins18020084,https://pmc.ncbi.nlm.nih.gov/articles/PMC12944870/,Table 1 — Amounts of OTA in Turkish coffee samples,True,OTA_DETECTED,1.1,1.1
TR_COFFEE_2023_14,Türkiye,commercial_roasted_ground_coffee,2023,14,2.71,2.71,DETECTED,2.71,0.23,0.7,0.23,0.7,HPLC fluorescence detection,Investigation of Ochratoxin A Levels in Commercially Available Turkish Coffee and Risk Assessment,10.3390/toxins18020084,https://pmc.ncbi.nlm.nih.gov/articles/PMC12944870/,Table 1 — Amounts of OTA in Turkish coffee samples,True,OTA_DETECTED,2.71,2.71
TR_COFFEE_2024_01,Türkiye,commercial_roasted_ground_coffee,2024,1,2.1,2.1,DETECTED,2.1,0.23,0.7,0.23,0.7,HPLC fluorescence detection,Investigation of Ochratoxin A Levels in Commercially Available Turkish Coffee and Risk Assessment,10.3390/toxins18020084,https://pmc.ncbi.nlm.nih.gov/articles/PMC12944870/,Table 1 — Amounts of OTA in Turkish coffee samples,True,OTA_DETECTED,2.1,2.1
TR_COFFEE_2024_02,Türkiye,commercial_roasted_ground_coffee,2024,2,1.84,1.84,DETECTED,1.84,0.23,0.7,0.23,0.7,HPLC fluorescence detection,Investigation of Ochratoxin A Levels in Commercially Available Turkish Coffee and Risk Assessment,10.3390/toxins18020084,https://pmc.ncbi.nlm.nih.gov/articles/PMC12944870/,Table 1 — Amounts of OTA in Turkish coffee samples,True,OTA_DETECTED,1.84,1.84
TR_COFFEE_2024_03,Türkiye,commercial_roasted_ground_coffee,2024,3,2.05,2.05,DETECTED,2.05,0.23,0.7,0.23,0.7,HPLC fluorescence detection,Investigation of Ochratoxin A Levels in Commercially Available Turkish Coffee and Risk Assessment,10.3390/toxins18020084,https://pmc.ncbi.nlm.nih.gov/articles/PMC12944870/,Table 1 — Amounts of OTA in Turkish coffee samples,True,OTA_DETECTED,2.05,2.05
TR_COFFEE_2024_04,Türkiye,commercial_roasted_ground_coffee,2024,4,,,BELOW_LOD,<LOD,0.23,0.7,0.23,0.7,HPLC fluorescence detection,Investigation of Ochratoxin A Levels in Commercially Available Turkish Coffee and Risk Assessment,10.3390/toxins18020084,https://pmc.ncbi.nlm.nih.gov/articles/PMC12944870/,Table 1 — Amounts of OTA in Turkish coffee samples,False,OTA_BELOW_LOD,0.23,0.23
TR_COFFEE_2024_05,Türkiye,commercial_roasted_ground_coffee,2024,5,1.1,1.1,DETECTED,1.1,0.23,0.7,0.23,0.7,HPLC fluorescence detection,Investigation of Ochratoxin A Levels in Commercially Available Turkish Coffee and Risk Assessment,10.3390/toxins18020084,https://pmc.ncbi.nlm.nih.gov/articles/PMC12944870/,Table 1 — Amounts of OTA in Turkish coffee samples,True,OTA_DETECTED,1.1,1.1
TR_COFFEE_2024_06,Türkiye,commercial_roasted_ground_coffee,2024,6,0.92,0.92,DETECTED,0.92,0.23,0.7,0.23,0.7,HPLC fluorescence detection,Investigation of Ochratoxin A Levels in Commercially Available Turkish Coffee and Risk Assessment,10.3390/toxins18020084,https://pmc.ncbi.nlm.nih.gov/articles/PMC12944870/,Table 1 — Amounts of OTA in Turkish coffee samples,True,OTA_DETECTED,0.92,0.92
TR_COFFEE_2024_07,Türkiye,commercial_roasted_ground_coffee,2024,7,1.85,1.85,DETECTED,1.85,0.23,0.7,0.23,0.7,HPLC fluorescence detection,Investigation of Ochratoxin A Levels in Commercially Available Turkish Coffee and Risk Assessment,10.3390/toxins18020084,https://pmc.ncbi.nlm.nih.gov/articles/PMC12944870/,Table 1 — Amounts of OTA in Turkish coffee samples,True,OTA_DETECTED,1.85,1.85
TR_COFFEE_2024_08,Türkiye,commercial_roasted_ground_coffee,2024,8,1.55,1.55,DETECTED,1.55,0.23,0.7,0.23,0.7,HPLC fluorescence detection,Investigation of Ochratoxin A Levels in Commercially Available Turkish Coffee and Risk Assessment,10.3390/toxins18020084,https://pmc.ncbi.nlm.nih.gov/articles/PMC12944870/,Table 1 — Amounts of OTA in Turkish coffee samples,True,OTA_DETECTED,1.55,1.55
TR_COFFEE_2024_09,Türkiye,commercial_roasted_ground_coffee,2024,9,,,BELOW_LOD,<LOD,0.23,0.7,0.23,0.7,HPLC fluorescence detection,Investigation of Ochratoxin A Levels in Commercially Available Turkish Coffee and Risk Assessment,10.3390/toxins18020084,https://pmc.ncbi.nlm.nih.gov/articles/PMC12944870/,Table 1 — Amounts of OTA in Turkish coffee samples,False,OTA_BELOW_LOD,0.23,0.23
TR_COFFEE_2024_10,Türkiye,commercial_roasted_ground_coffee,2024,10,1.2,1.2,DETECTED,1.2,0.23,0.7,0.23,0.7,HPLC fluorescence detection,Investigation of Ochratoxin A Levels in Commercially Available Turkish Coffee and Risk Assessment,10.3390/toxins18020084,https://pmc.ncbi.nlm.nih.gov/articles/PMC12944870/,Table 1 — Amounts of OTA in Turkish coffee samples,True,OTA_DETECTED,1.2,1.2
TR_COFFEE_2024_11,Türkiye,commercial_roasted_ground_coffee,2024,11,1.94,1.94,DETECTED,1.94,0.23,0.7,0.23,0.7,HPLC fluorescence detection,Investigation of Ochratoxin A Levels in Commercially Available Turkish Coffee and Risk Assessment,10.3390/toxins18020084,https://pmc.ncbi.nlm.nih.gov/articles/PMC12944870/,Table 1 — Amounts of OTA in Turkish coffee samples,True,OTA_DETECTED,1.94,1.94
TR_COFFEE_2024_12,Türkiye,commercial_roasted_ground_coffee,2024,12,1.28,1.28,DETECTED,1.28,0.23,0.7,0.23,0.7,HPLC fluorescence detection,Investigation of Ochratoxin A Levels in Commercially Available Turkish Coffee and Risk Assessment,10.3390/toxins18020084,https://pmc.ncbi.nlm.nih.gov/articles/PMC12944870/,Table 1 — Amounts of OTA in Turkish coffee samples,True,OTA_DETECTED,1.28,1.28
TR_COFFEE_2024_13,Türkiye,commercial_roasted_ground_coffee,2024,13,2.14,2.14,DETECTED,2.14,0.23,0.7,0.23,0.7,HPLC fluorescence detection,Investigation of Ochratoxin A Levels in Commercially Available Turkish Coffee and Risk Assessment,10.3390/toxins18020084,https://pmc.ncbi.nlm.nih.gov/articles/PMC12944870/,Table 1 — Amounts of OTA in Turkish coffee samples,True,OTA_DETECTED,2.14,2.14
TR_COFFEE_2024_14,Türkiye,commercial_roasted_ground_coffee,2024,14,2.4,2.4,DETECTED,2.4,0.23,0.7,0.23,0.7,HPLC fluorescence detection,Investigation of Ochratoxin A Levels in Commercially Available Turkish Coffee and Risk Assessment,10.3390/toxins18020084,https://pmc.ncbi.nlm.nih.gov/articles/PMC12944870/,Table 1 — Amounts of OTA in Turkish coffee samples,True,OTA_DETECTED,2.4,2.4
TR_COFFEE_2024_15,Türkiye,commercial_roasted_ground_coffee,2024,15,,,BELOW_LOD,<LOD,0.23,0.7,0.23,0.7,HPLC fluorescence detection,Investigation of Ochratoxin A Levels in Commercially Available Turkish Coffee and Risk Assessment,10.3390/toxins18020084,https://pmc.ncbi.nlm.nih.gov/articles/PMC12944870/,Table 1 — Amounts of OTA in Turkish coffee samples,False,OTA_BELOW_LOD,0.23,0.23
